{"善化區茄拔國小":[23.13821,120.32448],"新營區新民國小":[23.3055,120.3056],"新營區新進國小":[23.31513,120.31553],"新營區新泰國小":[23.31619,120.32574],"佳里區仁愛國小":[23.15316,120.1793],"佳里區信義國小":[23.15967,120.18229],"佳里區佳興國小":[23.18977,120.19191],"鹽水區歡雅國小":[23.29228,120.24333],"鹽水區月津國小":[23.31571,120.26567],"南區永華國小":[22.96433,120.18702],"南區日新國小":[22.97243,120.18976],"南區龍崗國小":[22.96328,120.1697],"東區大同國小":[22.97344,120.21593],"南區喜樹國小":[22.9437,120.18717],"北區公園國小":[23.00016,120.20929],"北區大港國小":[23.01351,120.18851],"北區文元國小":[23.01532,120.19917],"將軍區漚汪國小":[23.19811,120.15996],"將軍區鯤鯓國小":[23.18835,120.08878],"玉井區玉井國小":[23.12083,120.45808],"左鎮區左鎮國小":[23.0556,120.40394],"左鎮區光榮實小":[23.04669,120.38638],"安定區南興國小":[23.08058,120.21839],"安定區南安國小":[23.09853,120.22503],"關廟區崇和國小":[22.90457,120.35219],"東區博愛國小":[22.99579,120.21412],"北區開元國小":[23.00795,120.21729],"北區賢北國小":[23.00715,120.17948],"楠西區楠西國小":[23.17405,120.4849],"東區勝利國小":[22.98851,120.21861],"南化區北寮國小":[23.07597,120.49477],"關廟區五甲國小":[22.95872,120.3346],"關廟區關廟國小":[22.96404,120.32535],"關廟區新光國小":[22.97158,120.35324],"龍崎區龍崎國小":[22.96397,120.35908],"新化區新化國小":[23.03763,120.31156],"歸仁區歸南國小":[22.96418,120.28864],"安南區青草國小":[23.07654,120.11649],"七股區七股國小":[23.13928,120.13853],"七股區後港國小":[23.16654,120.11716],"七股區大文國小":[23.15018,120.15362],"七股區光復實小":[23.15382,120.08255],"七股區三股國小":[23.10153,120.11717],"下營區中營國小":[23.21308,120.27634],"下營區下營國小":[23.23089,120.26121],"下營區賀建國小":[23.25466,120.29627],"仁德區文賢國小":[22.92209,120.23525],"安定區安定國小":[23.12348,120.24643],"歸仁區大潭國小":[22.91389,120.27183],"安南區顯宮國小":[23.0363,120.12673],"歸仁區歸仁國小":[22.97108,120.30273],"歸仁區文化國小":[22.97125,120.28923],"西港區成功國小":[23.12157,120.18081],"中西區進學國小":[22.98551,120.19971],"安南區海東國小":[23.04775,120.17435],"安南區土城國小":[23.06585,120.13017],"安南區學東國小":[23.07742,120.14529],"西港區港東國小":[23.1229,120.20932],"新化區正新國小":[23.03281,120.30228],"新化區大新國小":[23.03878,120.29924],"歸仁區紅瓦厝國小":[22.96214,120.29794],"歸仁區保西國小":[22.99251,120.2942],"關廟區保東國小":[22.99432,120.30941],"中西區成功國小":[22.99823,120.20312],"南區志開實小":[22.97286,120.20038],"七股區竹橋國小":[23.10192,120.15899],"佳里區延平國小":[23.1788,120.15319],"新化區𦰡拔國小":[23.06248,120.34768],"新市區新巿國小":[23.08504,120.27971],"新營區新興國小":[23.28692,120.27649],"新營區公誠國小":[23.30414,120.31955],"柳營區柳營國小":[23.27491,120.31245],"麻豆區大山國小":[23.19178,120.2209],"六甲區六甲國小":[23.22578,120.34978],"新營區新營國小":[23.30626,120.31697],"鹽水區鹽水國小":[23.32296,120.27038],"白河區河東國小":[23.34493,120.43724],"白河區白河國小":[23.35262,120.41402],"白河區仙草實小關嶺分校":[23.331,120.5074],"白河區仙草實小":[23.34475,120.48236],"白河區玉豐國小":[23.3796,120.41571],"柳營區果毅國小":[23.25771,120.37273],"柳營區重溪國小":[23.28599,120.36468],"後壁區安溪國小":[23.33376,120.36079],"後壁區菁寮國小":[23.37978,120.33954],"後壁區後壁國小":[23.36641,120.36624],"東山區東原國小":[23.26608,120.44663],"東山區聖賢國小":[23.30558,120.36264],"東山區東山國小":[23.32327,120.40452],"麻豆區紀安國小":[23.15146,120.23744],"麻豆區培文國小":[23.17807,120.24359],"麻豆區麻豆國小":[23.18634,120.25374],"六甲區林鳳國小":[23.2405,120.31755],"官田區官田國小":[23.18914,120.34201],"官田區隆田國小":[23.19213,120.31463],"官田區嘉南國小":[23.21714,120.36499],"大內區大內國小":[23.11923,120.36101],"新化區口埤實小":[23.02534,120.34914],"善化區善化國小":[23.13426,120.2839],"善化區大同國小":[23.15649,120.30735],"山上區山上國小":[23.10096,120.35513],"玉井區層林國小":[23.07788,120.42995],"南化區南化國小":[23.04397,120.47039],"永康區大灣國小":[23.00506,120.26785],"永康區崑山國小":[22.99801,120.25446],"永康區五王國小":[23.00942,120.23672],"永康區大橋國小":[23.02173,120.22121],"永康區永康國小":[23.02636,120.25533],"永康區龍潭國小":[23.03339,120.26836],"東區德高國小":[22.96297,120.23651],"東區崇明國小":[22.96963,120.22825],"東區崇學國小":[22.97902,120.22406],"東區復興國小":[22.98149,120.23851],"東區東光國小":[22.99197,120.23388],"北門區北門國小":[23.26507,120.12516],"北門區蚵寮國小":[23.28642,120.13775],"南區省躬國小":[22.93234,120.17983],"南區新興國小":[22.97979,120.19624],"安平區新南國小":[22.99369,120.18266],"安平區億載國小漁光分校":[22.97872,120.15837],"安平區石門國小":[23.00014,120.16564],"安南區海佃國小":[23.02459,120.20129],"安南區安順國小":[23.04856,120.2173],"安南區安慶國小":[23.04048,120.19231],"安南區長安國小":[23.06489,120.19713],"安平區億載國小":[22.99035,120.16314],"安平區安平國小":[22.99443,120.17634],"學甲區東陽國小":[23.22887,120.18373],"學甲區學甲國小":[23.25864,120.157],"學甲區宅港國小":[23.25754,120.20385],"下營區東興國小":[23.23936,120.26727],"新市區大社國小":[23.08681,120.31954],"仁德區德南國小":[22.94886,120.25039],"仁德區虎山實小":[22.94389,120.22902],"仁德區仁和國小":[22.96061,120.22206],"善化區蓮潭國中小(國小部)":[23.11649,120.30876],"北區立人國小":[23.00115,120.20148],"鹽水區坔頭港國小":[23.25462,120.24992],"下營區甲中國小":[23.25016,120.27237],"佳里區佳里國小":[23.16411,120.1719],"仁德區仁德國小":[22.96221,120.25464],"仁德區長興國小":[22.98998,120.25989],"西港區西港國小":[23.12281,120.19947],"中西區協進國小":[22.99738,120.19312],"永康區三村國小":[23.04226,120.23725],"柳營區新山國小":[23.27192,120.4002],"永康區復興國小":[23.00145,120.23899],"永康區永信國小":[23.01689,120.24919],"永康區勝利國小":[23.00381,120.23019],"中西區忠義國小":[22.98998,120.20351],"北區大光國小":[23.01184,120.21758],"善化區大成國小":[23.12779,120.29723],"安南區鎮海國小":[23.01853,120.13473],"安南區安佃國小":[23.06347,120.17317],"永康區西勢國小":[23.02256,120.27643],"麻豆區文正國小":[23.1874,120.26612],"佳里區塭內國小":[23.12567,120.16527],"新營區南梓實小":[23.29769,120.29868],"善化區小新國小":[23.12323,120.315],"善化區陽明國小":[23.14285,120.27304],"仁德區大甲國小":[22.91908,120.21645],"歸仁區沙崙高中(國小部)":[22.93353,120.3],"佳里區子龍國小":[23.17391,120.20201],"安南區和順國小":[23.06664,120.21895],"新營區土庫國小":[23.31951,120.34531],"安南區南興國小":[23.07354,120.16031],"善化區蓮潭國中小(國中部)":[23.11649,120.30876],"善化區善化國中":[23.14725,120.28705],"新營區南新國中":[23.30835,120.30914],"新營區新東國中":[23.31185,120.32411],"佳里區佳里國中":[23.15766,120.17006],"佳里區佳興國中":[23.18278,120.19601],"鹽水區鹽水國中":[23.30097,120.24589],"南區新興國中":[22.96481,120.18221],"南區大成國中":[22.97865,120.19904],"東區崇明國中":[22.95359,120.22756],"南區南寧國中部":[22.94158,120.18692],"北區延平國中":[23.0097,120.21148],"北區文賢國中":[23.00552,120.19698],"北區民德國中":[23.00551,120.20431],"將軍區將軍國中":[23.20669,120.14991],"玉井區玉井國中":[23.12369,120.47065],"左鎮區左鎮國中":[23.05667,120.41101],"新化區新化國中":[23.03469,120.31235],"安定區安定國中":[23.11496,120.23346],"關廟區關廟國中":[22.96185,120.32347],"東區後甲國中":[22.99505,120.22538],"北區成功國中":[23.01006,120.21725],"楠西區楠西國中":[23.18252,120.4846],"南化區南化國中":[23.04495,120.48042],"龍崎區龍崎國中":[22.96933,120.36006],"歸仁區沙崙高中(國中部)":[22.92693,120.29499],"安南區土城國中部":[23.04442,120.11097],"七股區竹橋國中":[23.10257,120.14196],"七股區私立昭明國中(代用國中)":[23.14216,120.14273],"下營區下營國中":[23.2384,120.27187],"仁德區仁德文賢國中":[22.91924,120.23003],"歸仁區歸仁國中":[22.97539,120.29094],"中西區中山國中":[22.98998,120.20458],"安南區安南國中":[23.04929,120.17866],"西港區西港國中":[23.12468,120.2045],"新市區新市國中":[23.08404,120.30014],"新營區太子國中":[23.29145,120.271],"柳營區柳營國中":[23.28003,120.33195],"麻豆區麻豆國中":[23.18206,120.25299],"六甲區六甲國中":[23.22631,120.34865],"白河區白河國中":[23.36251,120.42192],"後壁區後壁國中":[23.35415,120.3596],"後壁區菁寮國中":[23.36858,120.33247],"東山區東原國中":[23.2727,120.45163],"東山區東山國中":[23.31635,120.40341],"官田區官田國中":[23.1885,120.31461],"大內區大內國中":[23.11247,120.36462],"山上區山上國中":[23.10391,120.35798],"永康區大灣國中部":[23.01307,120.27523],"永康區永康國中":[23.02749,120.25534],"永康區大橋國中":[23.02419,120.23144],"東區忠孝國中":[22.98226,120.22294],"東區復興國中":[22.98111,120.24023],"北門區北門國中":[23.253,120.12766],"中西區建興國中":[22.98817,120.20294],"安平區安平國中":[22.9966,120.16859],"安南區海佃國中":[23.02812,120.19844],"安南區和順國中":[23.0668,120.22051],"安平區金城國中":[22.9939,120.18076],"學甲區學甲國中":[23.23788,120.18452],"仁德區仁德國中":[22.95661,120.24795],"永康區永仁國中部":[23.00351,120.24003],"安南區安順國中":[23.04987,120.21742],"永康區鹽行國中":[23.04765,120.24634]}